id,store_id,mase,wape,bias,actual_total,pred_total
FOODS_1_004_CA_1,CA_1,0.9308573685313599,1.6238438e+08,5.799442291259766,0.0,162.38438415527344
FOODS_1_004_TX_1,TX_1,1.0525319244131237,1.2369294e+08,4.417604923248291,0.0,123.69293975830078
FOODS_1_004_WI_1,WI_1,0.793734527114276,1.2369011e+08,4.417503833770752,0.0,123.69010925292969
FOODS_1_012_TX_1,TX_1,0.7080750057007973,0.36029696,-1.3846970796585083,219.0,180.2284698486328
FOODS_1_012_WI_1,WI_1,0.5925541922414568,0.40344846,-0.24975547194480896,110.0,103.00685119628906
FOODS_1_018_CA_1,CA_1,1.1100450969264712,0.6683235,3.4400370121002197,233.0,329.3210144042969
FOODS_1_018_TX_1,TX_1,0.8768455536601643,0.36509243,-0.24686649441719055,212.0,205.08773803710938
FOODS_1_018_WI_1,WI_1,1.1792315120911248,0.45691615,-1.6127287149429321,285.0,239.84361267089844
FOODS_1_019_WI_1,WI_1,0.8146069352954248,0.56291664,0.1325151026248932,151.0,154.71041870117188
FOODS_1_021_CA_1,CA_1,0.21566184200132832,1.0875874,0.6840041875839233,40.0,59.1521110534668
FOODS_1_021_WI_1,WI_1,0.7491506415301664,1.5904031,1.4151064157485962,36.0,75.62298583984375
FOODS_1_032_TX_1,TX_1,1.5118016568271933,0.68459606,2.0513103008270264,175.0,232.4366912841797
FOODS_1_032_WI_1,WI_1,1.0326200181906984,0.3897367,2.0030200481414795,277.0,333.0845642089844
FOODS_1_042_TX_1,TX_1,1.0653316462146818,0.70688105,-0.5011393427848816,149.0,134.96810913085938
FOODS_1_043_CA_1,CA_1,0.9912198554019931,1.26151624e+08,4.505415439605713,0.0,126.15162658691406
FOODS_1_043_TX_1,TX_1,0.599905248269342,9.3050056e+07,3.323216199874878,0.0,93.05005645751953
FOODS_1_043_WI_1,WI_1,0.7436588753062656,8.796361e+07,3.141557455062866,0.0,87.96360778808594
FOODS_1_046_CA_1,CA_1,1.0692197455345498,0.52768683,1.350108027458191,232.0,269.80303955078125
FOODS_1_046_WI_1,WI_1,1.0654332922473742,0.579473,2.053192615509033,236.0,293.4893798828125
FOODS_1_082_WI_1,WI_1,1.1077167160495518,0.9351073,3.6780166625976562,151.0,253.9844512939453
FOODS_1_085_CA_1,CA_1,0.7511834083662734,0.5144796,2.7265594005584717,248.0,324.3436584472656
FOODS_1_085_TX_1,TX_1,0.6435934768974824,0.5159598,0.79389888048172,99.0,121.22916412353516
FOODS_1_085_WI_1,WI_1,0.910345986438981,0.4705106,3.063251495361328,339.0,424.7709655761719
FOODS_1_086_CA_1,CA_1,1.208742188613301,0.99179393,2.2480709552764893,131.0,193.94598388671875
FOODS_1_096_TX_1,TX_1,0.9223255815180117,0.5006834,0.9889256358146667,175.0,202.6898956298828
FOODS_1_096_WI_1,WI_1,0.8352096822634649,0.29262856,0.3293922543525696,379.0,388.22296142578125
FOODS_1_099_CA_1,CA_1,0.865162779121931,0.6361124,3.6334383487701416,252.0,353.7362976074219
FOODS_1_099_TX_1,TX_1,0.9565137815469905,0.43453264,-1.9590390920639038,163.0,108.14691162109375
FOODS_1_099_WI_1,WI_1,0.8361877320556663,1.043806,2.1256279945373535,64.0,123.51758575439453
FOODS_1_110_CA_1,CA_1,1.1274078743424545,1.3739776e+08,4.907063007354736,0.0,137.39776611328125
FOODS_1_110_TX_1,TX_1,1.1023863558549754,1.0916638e+08,3.898799419403076,0.0,109.1663818359375
FOODS_1_110_WI_1,WI_1,1.1915137829646576,1.2663306e+08,4.522609233856201,0.0,126.633056640625
FOODS_1_129_TX_1,TX_1,0.8926853875696943,0.39874983,-0.3443126082420349,206.0,196.3592529296875
FOODS_1_161_CA_1,CA_1,1.902943589834633,2.1989288,9.10622501373291,129.0,383.97430419921875
FOODS_1_161_WI_1,WI_1,0.8627148483183,0.54646516,2.1970362663269043,191.0,252.51702880859375
FOODS_1_162_CA_1,CA_1,0.6516609903772002,0.8577404,1.6418088674545288,79.0,124.97065734863281
FOODS_1_162_TX_1,TX_1,0.4509749713868312,0.579426,1.1804803609848022,92.0,125.0534439086914
FOODS_1_163_CA_1,CA_1,0.27372376639162765,1.2240769,0.07801152765750885,22.0,24.184322357177734
FOODS_1_173_CA_1,CA_1,0.4848935618483238,0.7393876,0.43631330132484436,86.0,98.21676635742188
FOODS_1_173_WI_1,WI_1,0.5317955424654013,0.8269995,1.4935723543167114,70.0,111.82001495361328
FOODS_1_184_TX_1,TX_1,0.4399740097616078,0.8270676,0.4668993651866913,47.0,60.07318115234375
FOODS_1_200_CA_1,CA_1,1.7450549280332592,1.0494057,8.024820327758789,218.0,442.6949768066406
FOODS_1_200_TX_1,TX_1,1.6113521523798904,0.90288347,4.842655658721924,185.0,320.5943908691406
FOODS_1_200_WI_1,WI_1,1.0192681007932394,1.7254792,3.203159809112549,52.0,141.6884765625
FOODS_1_204_WI_1,WI_1,1.9064559868013955,0.59078485,3.389798402786255,318.0,412.9143981933594
FOODS_1_218_CA_1,CA_1,0.9181351071175442,0.738411,5.4300127029418945,241.0,393.04034423828125
FOODS_1_218_TX_1,TX_1,1.0933237816942367,0.8258436,4.956461429595947,227.0,365.7809143066406
FOODS_1_218_WI_1,WI_1,1.263927240643265,0.8112554,4.702210903167725,205.0,336.6618957519531
FOODS_2_002_WI_1,WI_1,0.7832934127640141,0.5182962,-0.7501972317695618,158.0,136.99447631835938
FOODS_2_013_TX_1,TX_1,0.6294362430538947,0.5199817,-0.13834460079669952,97.0,93.12635040283203
FOODS_2_016_CA_1,CA_1,0.9112775417873367,0.7458606,-0.7122921347618103,152.0,132.05581665039062
FOODS_2_016_WI_1,WI_1,1.2823057993323523,0.801706,-0.5743216276168823,162.0,145.91900634765625
FOODS_2_019_CA_1,CA_1,0.6476123473072818,0.28716996,-3.1604511737823486,459.0,370.50738525390625
FOODS_2_050_WI_1,WI_1,0.5919598927415869,0.7665667,1.8695827722549438,84.0,136.3483123779297
FOODS_2_056_WI_1,WI_1,0.8289906040028702,0.3345818,-1.1546573638916016,167.0,134.66958618164062
FOODS_2_065_WI_1,WI_1,0.9750938195334172,0.6048636,-0.28142526745796204,136.0,128.12008666992188
FOODS_2_099_WI_1,WI_1,0.7967523543630698,0.46268243,-1.467356562614441,128.0,86.91401672363281
FOODS_2_128_CA_1,CA_1,1.083776607129067,0.61830986,-0.2183142751455307,205.0,198.88720703125
FOODS_2_128_WI_1,WI_1,1.1278051405572453,0.5267583,-0.5000543594360352,177.0,162.99847412109375
FOODS_2_131_CA_1,CA_1,0.826472619697332,0.5743043,-0.17978492379188538,129.0,123.96601104736328
FOODS_2_136_WI_1,WI_1,0.640034604811217,0.4441929,-0.544343113899231,106.0,90.7583999633789
FOODS_2_151_WI_1,WI_1,0.8693657179158512,0.73351955,0.5727958083152771,105.0,121.03828430175781
FOODS_2_152_TX_1,TX_1,0.5171740913288642,0.41952065,-0.041300926357507706,104.0,102.84358215332031
FOODS_2_152_WI_1,WI_1,0.612220621571363,0.33332494,-1.21490478515625,142.0,107.982666015625
FOODS_2_175_TX_1,TX_1,0.7352859135437324,0.47234285,-0.6225789189338684,164.0,146.56777954101562
FOODS_2_175_WI_1,WI_1,1.019421496420352,0.48684362,-1.1677788496017456,178.0,145.30218505859375
FOODS_2_181_CA_1,CA_1,0.6948681310213621,0.46025473,-0.8977934718132019,152.0,126.86177825927734
FOODS_2_181_TX_1,TX_1,1.2841609451260767,0.4189529,-8.376588821411133,572.0,337.4555358886719
FOODS_2_183_TX_1,TX_1,0.9886425528295186,0.5878815,-1.8209927082061768,129.0,78.01219940185547
FOODS_2_183_WI_1,WI_1,0.5959933772252474,0.39561382,-0.48256444931030273,105.0,91.48818969726562
FOODS_2_184_TX_1,TX_1,0.5533194586910183,0.57593775,-0.20314659178256989,61.0,55.3118896484375
FOODS_2_197_CA_1,CA_1,0.9268811027392715,0.38591155,-6.718278408050537,559.0,370.8881530761719
FOODS_2_197_TX_1,TX_1,0.6754153388046822,0.554309,-0.4325956702232361,89.0,76.88732147216797
FOODS_2_204_CA_1,CA_1,0.9139469135041121,1.4886823,2.1668848991394043,79.0,139.6727752685547
FOODS_2_204_TX_1,TX_1,0.7524495023207277,0.45812383,-1.2015864849090576,178.0,144.35557556152344
FOODS_2_204_WI_1,WI_1,0.9322255646807281,0.68472207,1.0674115419387817,121.0,150.88754272460938
FOODS_2_222_CA_1,CA_1,0.6472127557662045,0.48217162,0.4915173053741455,185.0,198.76248168945312
FOODS_2_222_WI_1,WI_1,0.7575619608331691,0.5647846,0.3009198307991028,196.0,204.42576599121094
FOODS_2_241_CA_1,CA_1,0.76299852089784,0.3561242,-1.0312490463256836,176.0,147.12501525878906
FOODS_2_241_WI_1,WI_1,0.756514138207272,0.2545298,-0.4215652048587799,168.0,156.19619750976562
FOODS_2_244_CA_1,CA_1,0.5889174190565896,0.4141568,-0.18259869515895844,158.0,152.88723754882812
FOODS_2_247_WI_1,WI_1,0.8017272922858439,0.62511253,0.07140389829874039,116.0,117.99930572509766
FOODS_2_257_WI_1,WI_1,1.268073639220596,0.8271508,-0.04150950908660889,173.0,171.8377227783203
FOODS_2_276_CA_1,CA_1,0.786735946682756,0.38602397,-3.319812059402466,324.0,231.04527282714844
FOODS_2_276_TX_1,TX_1,0.5350642822891457,0.5310328,0.17520031332969666,93.0,97.90560913085938
FOODS_2_293_CA_1,CA_1,1.0436333676019052,0.50303084,-1.4558404684066772,194.0,153.23648071289062
FOODS_2_294_WI_1,WI_1,1.1287620339834954,0.43049955,-3.923107147216797,285.0,175.15298461914062
FOODS_2_299_CA_1,CA_1,0.7027473762338257,1.247686,0.8383155465126038,58.0,81.47283172607422
FOODS_2_307_WI_1,WI_1,0.8091904943074544,0.8073911,0.27830418944358826,77.0,84.79251861572266
FOODS_2_322_WI_1,WI_1,0.5131595384648621,0.35621396,-0.15499599277973175,100.0,95.66011047363281
FOODS_2_325_CA_1,CA_1,0.5501744497686354,0.51467156,0.6068114042282104,132.0,148.99072265625
FOODS_2_325_WI_1,WI_1,0.7149925757022132,0.46799514,-0.5965805053710938,154.0,137.29576110839844
FOODS_2_326_TX_1,TX_1,0.7521611111891539,0.5558336,1.220147967338562,216.0,250.16412353515625
FOODS_2_326_WI_1,WI_1,0.6950371451143709,0.6588588,1.037418007850647,136.0,165.04771423339844
FOODS_2_347_CA_1,CA_1,0.5499870341882803,0.39287707,-0.31804758310317993,275.0,266.09466552734375
FOODS_2_347_TX_1,TX_1,0.9006618092119179,0.43117088,-1.6528257131576538,179.0,132.7209014892578
FOODS_2_359_CA_1,CA_1,0.5491915852899514,0.5404321,1.0101385116577148,94.0,122.28387451171875
FOODS_2_360_CA_1,CA_1,0.9504615922837547,0.5299067,0.9267786741256714,254.0,279.94976806640625
FOODS_2_360_TX_1,TX_1,1.4838720874777893,0.7245265,-0.8799852132797241,159.0,134.36041259765625
FOODS_2_360_WI_1,WI_1,1.0041618073930354,0.32789305,-2.786162853240967,476.0,397.9874267578125
FOODS_2_364_WI_1,WI_1,0.46534378821521766,0.3084843,-0.075274758040905,99.0,96.8923110961914
FOODS_2_368_TX_1,TX_1,0.5908826209631572,0.32749546,-0.7181859016418457,173.0,152.89080810546875
FOODS_2_371_CA_1,CA_1,0.648079919752536,0.33353403,0.049281325191259384,226.0,227.37986755371094
FOODS_2_380_WI_1,WI_1,0.6125648621861195,0.37897027,-0.44348621368408203,132.0,119.58238983154297
FOODS_2_398_WI_1,WI_1,0.5378182711745686,0.31582958,-0.08631862699985504,210.0,207.5830841064453
FOODS_3_002_WI_1,WI_1,1.5873602131169675,2.043241e+08,7.2972893714904785,0.0,204.3240966796875
FOODS_3_007_CA_1,CA_1,1.0453090599167916,10.5625105,5.597250461578369,16.0,172.72300720214844
FOODS_3_007_TX_1,TX_1,0.6571301291798896,2.1572666,4.362105846405029,68.0,190.13897705078125
FOODS_3_007_WI_1,WI_1,0.8263840122113435,1.3216815,2.645554780960083,116.0,190.07553100585938
FOODS_3_020_CA_1,CA_1,0.9218110715971115,0.47024202,-1.4389206171035767,293.0,252.71023559570312
FOODS_3_024_CA_1,CA_1,0.9711563094807161,7.812102,2.997323751449585,12.0,95.92506408691406
FOODS_3_030_CA_1,CA_1,0.9122664920359855,0.41855207,0.3327763080596924,237.0,246.31773376464844
FOODS_3_030_TX_1,TX_1,1.1053871553953947,0.43666044,0.011227420531213284,231.0,231.31436157226562
FOODS_3_030_WI_1,WI_1,0.7400224550536794,0.30406836,0.02518422342836857,181.0,181.70516967773438
FOODS_3_039_WI_1,WI_1,1.0028351418439216,0.26857907,0.19894246757030487,193.0,198.5703887939453
FOODS_3_042_TX_1,TX_1,0.7218575808486056,0.600763,-0.1330946981906891,73.0,69.27335357666016
FOODS_3_042_WI_1,WI_1,0.588405065492676,0.21574485,-0.06987469643354416,386.0,384.04351806640625
FOODS_3_064_CA_1,CA_1,0.6977128789132571,0.2431012,-2.8927409648895264,731.0,650.0032958984375
FOODS_3_069_TX_1,TX_1,0.4129167553591955,1.6097615,0.8534542918205261,30.0,53.896724700927734
FOODS_3_070_TX_1,TX_1,0.4663164662699561,0.9669303,0.0857958272099495,111.0,113.40228271484375
FOODS_3_070_WI_1,WI_1,0.6832013296644401,0.7890402,-0.49848344922065735,126.0,112.04246520996094
FOODS_3_076_TX_1,TX_1,0.6417306993541507,0.5602657,0.02411622740328312,88.0,88.67524719238281
FOODS_3_077_CA_1,CA_1,1.1134246997736015,1.1770581e+08,4.2037787437438965,0.0,117.705810546875
FOODS_3_077_TX_1,TX_1,0.7191574747950704,7.898108e+07,2.8207528591156006,0.0,78.9810791015625
FOODS_3_077_WI_1,WI_1,1.3448685012463089,1.0587114e+08,3.7811121940612793,0.0,105.87113952636719
FOODS_3_080_CA_1,CA_1,0.7729588994139566,0.26178664,-0.09121721237897873,519.0,516.4459228515625
FOODS_3_080_TX_1,TX_1,0.4965252762454574,0.28738517,0.6124033331871033,161.0,178.1472930908203
FOODS_3_080_WI_1,WI_1,0.7452439605859175,0.31081143,0.46351367235183716,321.0,333.9783935546875
FOODS_3_086_CA_1,CA_1,0.7578118802466307,0.44166726,1.6686381101608276,253.0,299.7218322753906
FOODS_3_086_TX_1,TX_1,1.6460425827665863,0.3686485,-10.631791114807129,898.0,600.3098754882812
FOODS_3_087_CA_1,CA_1,0.7224536584758064,0.575738,0.9137024283409119,114.0,139.58367919921875
FOODS_3_087_TX_1,TX_1,0.5167153818551197,0.3560751,0.4455285668373108,105.0,117.47480773925781
FOODS_3_090_CA_1,CA_1,0.5649520415890139,0.2693051,9.606782913208008,1423.0,1691.9901123046875
FOODS_3_090_TX_1,TX_1,0.44850066558377066,0.16148469,4.385366916656494,1446.0,1568.790283203125
FOODS_3_090_WI_1,WI_1,0.6060973313709899,0.2690906,1.9343372583389282,599.0,653.1614379882812
FOODS_3_097_CA_1,CA_1,1.1001397422948092,0.4535207,-1.685980200767517,241.0,193.7925262451172
FOODS_3_099_CA_1,CA_1,0.6182274727659347,0.322743,-0.27979785203933716,404.0,396.1656494140625
FOODS_3_099_TX_1,TX_1,0.6776119826316924,0.29851383,-1.5492544174194336,276.0,232.62086486816406
FOODS_3_099_WI_1,WI_1,0.5571384151339689,0.2880246,-1.1865266561508179,244.0,210.77723693847656
FOODS_3_101_WI_1,WI_1,0.6684789034199331,0.43170244,-0.7006931304931641,135.0,115.3805923461914
FOODS_3_107_CA_1,CA_1,0.5940920251104445,0.55953884,1.2343518733978271,90.0,124.56185150146484
FOODS_3_109_TX_1,TX_1,0.6815764453758634,0.4834724,-2.2635109424591064,173.0,109.6216812133789
FOODS_3_120_CA_1,CA_1,1.0058125146348371,0.5663991,8.028776168823242,1071.0,1295.8057861328125
FOODS_3_120_TX_1,TX_1,1.2087958182611636,0.41992983,-5.4465460777282715,464.0,311.4966735839844
FOODS_3_120_WI_1,WI_1,0.7798605395520856,0.36203325,-1.2190717458724976,285.0,250.86599731445312
FOODS_3_127_CA_1,CA_1,0.9582958031891322,0.5779529,1.8375898599624634,133.0,184.4525146484375
FOODS_3_131_WI_1,WI_1,0.84851721285424,0.47307438,-1.2995388507843018,155.0,118.61290740966797
FOODS_3_133_CA_1,CA_1,0.7000939520906717,0.3755141,-1.2368853092193604,220.0,185.36721801757812
FOODS_3_133_TX_1,TX_1,0.46756644933673686,0.554934,0.2580765187740326,74.0,81.22613525390625
FOODS_3_133_WI_1,WI_1,0.6729304326176547,0.54406583,-1.336802363395691,132.0,94.56954956054688
FOODS_3_135_CA_1,CA_1,0.7455712896167529,0.36127746,1.281442642211914,145.0,180.88040161132812
FOODS_3_135_TX_1,TX_1,0.7776197415052564,0.45691508,-0.23573824763298035,195.0,188.39932250976562
FOODS_3_136_TX_1,TX_1,0.7518710227474814,0.41893035,0.21495141088962555,206.0,212.0186309814453
FOODS_3_148_CA_1,CA_1,0.7753347310086681,0.44326088,0.5550054907798767,168.0,183.5401611328125
FOODS_3_150_TX_1,TX_1,1.6697459810161464,0.33191374,-0.46944454312324524,288.0,274.8555603027344
FOODS_3_156_CA_1,CA_1,0.7945602435184141,0.65219283,0.28511476516723633,123.0,130.98321533203125
FOODS_3_167_WI_1,WI_1,0.610979158298406,0.3676725,0.09385997802019119,111.0,113.62808227539062
FOODS_3_184_WI_1,WI_1,0.8833386474459961,0.48902035,-0.544373631477356,143.0,127.7575454711914
FOODS_3_194_WI_1,WI_1,0.6585236988961697,0.3906324,-0.034672822803258896,163.0,162.02914428710938
FOODS_3_202_CA_1,CA_1,0.5280882091296301,0.24184404,-1.2664358615875244,452.0,416.539794921875
FOODS_3_202_TX_1,TX_1,0.6253783359066731,0.22479354,-3.6692025661468506,719.0,616.2623901367188
FOODS_3_202_WI_1,WI_1,0.6247852204479615,0.25752667,-0.801345705986023,329.0,306.56231689453125
FOODS_3_219_CA_1,CA_1,1.2696677250584893,0.5352101,-0.40278884768486023,244.0,232.72189331054688
FOODS_3_219_WI_1,WI_1,1.1351266422831556,0.46402058,-1.6413793563842773,307.0,261.0413818359375
FOODS_3_226_CA_1,CA_1,0.8276447173593284,0.39571995,0.9820812940597534,174.0,201.49827575683594
FOODS_3_226_TX_1,TX_1,0.6876469126700546,0.22614568,-0.6732224225997925,454.0,435.1497802734375
FOODS_3_226_WI_1,WI_1,0.5624448920046686,0.15577954,2.2121708393096924,1022.0,1083.9407958984375
FOODS_3_227_CA_1,CA_1,0.7406400949064854,0.44963247,-0.21279005706310272,160.0,154.04188537597656
FOODS_3_228_CA_1,CA_1,0.6915210807279004,0.3346193,-0.761202335357666,185.0,163.6863250732422
FOODS_3_228_TX_1,TX_1,0.5872403889444374,0.3667973,0.24564598500728607,133.0,139.87808227539062
FOODS_3_228_WI_1,WI_1,0.6356443428212915,0.4893759,0.40806183218955994,82.0,93.42573547363281
FOODS_3_233_CA_1,CA_1,0.8498857903790165,0.43601188,-0.7025043368339539,203.0,183.32986450195312
FOODS_3_234_CA_1,CA_1,0.8771971453666526,1.2212043,2.5151920318603516,171.0,241.42538452148438
FOODS_3_234_TX_1,TX_1,0.9460663665745983,2.2971685,4.729714393615723,115.0,247.4320068359375
FOODS_3_234_WI_1,WI_1,0.8552230742884342,0.7743936,0.2508900761604309,204.0,211.02491760253906
FOODS_3_245_CA_1,CA_1,0.6308947056445255,0.54297334,1.8076972961425781,138.0,188.61549377441406
FOODS_3_245_TX_1,TX_1,0.36393631707978796,0.53370345,-0.32610219717025757,95.0,85.869140625
FOODS_3_252_CA_1,CA_1,0.5509939080932512,0.17832576,0.19167383015155792,1051.0,1056.366943359375
FOODS_3_252_TX_1,TX_1,0.7306821799203216,0.24508071,3.5350468158721924,845.0,943.9813232421875
FOODS_3_252_WI_1,WI_1,0.9783764768154777,0.62167954,2.3633365631103516,193.0,259.1734313964844
FOODS_3_263_WI_1,WI_1,1.5454859359661122,0.34620035,-0.2681242525577545,216.0,208.4925079345703
FOODS_3_274_WI_1,WI_1,0.5747983945406675,0.5061534,0.039746325463056564,105.0,106.11289978027344
FOODS_3_281_CA_1,CA_1,0.8993063362583504,0.47351313,3.714380979537964,231.0,335.0026550292969
FOODS_3_281_WI_1,WI_1,1.107605176110766,0.47830966,-0.6224730610847473,185.0,167.57073974609375
FOODS_3_282_CA_1,CA_1,0.730591050861964,0.3862266,-3.7906973361968994,632.0,525.8604736328125
FOODS_3_282_TX_1,TX_1,0.8132596301995207,0.39726853,0.8407110571861267,392.0,415.5399169921875
FOODS_3_282_WI_1,WI_1,0.5099703839425984,0.24579446,-1.566445231437683,355.0,311.1395263671875
FOODS_3_288_CA_1,CA_1,0.6251445160217239,0.3046192,-3.5304462909698486,474.0,375.14752197265625
FOODS_3_288_TX_1,TX_1,1.06397133012761,0.43113247,-4.641415119171143,449.0,319.0403747558594
FOODS_3_288_WI_1,WI_1,0.6948157535090022,0.35601825,-1.1430960893630981,284.0,251.99331665039062
FOODS_3_295_CA_1,CA_1,0.9937813738636962,0.3481031,-3.333420515060425,707.0,613.6642456054688
FOODS_3_295_TX_1,TX_1,0.654778066539156,0.42557338,-1.2574130296707153,211.0,175.7924346923828
FOODS_3_295_WI_1,WI_1,0.5491619118766692,0.41141257,-0.4040523171424866,257.0,245.68653869628906
FOODS_3_300_CA_1,CA_1,0.7247495142292627,0.51868725,-0.6975077390670776,106.0,86.46978759765625
FOODS_3_300_TX_1,TX_1,0.5165593624543443,0.39688095,-0.8123965859413147,99.0,76.25289916992188
FOODS_3_302_WI_1,WI_1,0.8156198680361967,0.49629185,-0.8357395529747009,145.0,121.59928894042969
FOODS_3_306_WI_1,WI_1,0.7962581153389744,0.46787083,0.18915101885795593,118.0,123.2962417602539
FOODS_3_310_WI_1,WI_1,0.7331053659186123,0.5333372,0.3196120262145996,104.0,112.94913482666016
FOODS_3_313_CA_1,CA_1,0.8860158638911736,0.5470622,-0.05658566206693649,132.0,130.4156036376953
FOODS_3_313_TX_1,TX_1,1.0041150710385016,0.38742745,-1.935541033744812,227.0,172.80484008789062
FOODS_3_313_WI_1,WI_1,0.7405696460219883,0.5011828,-0.27338793873786926,99.0,91.34513854980469
FOODS_3_318_CA_1,CA_1,0.7169990181946864,0.38033614,0.8694717288017273,324.0,348.34521484375
FOODS_3_318_TX_1,TX_1,0.8392752023657678,0.41954452,2.2234253883361816,201.0,263.2558898925781
FOODS_3_318_WI_1,WI_1,0.8860827097453091,0.3969114,1.014102816581726,346.0,374.3948669433594
FOODS_3_319_CA_1,CA_1,1.4717240068813788,6.217909,7.9033203125,38.0,259.29296875
FOODS_3_319_TX_1,TX_1,1.336753183833158,31.160385,5.564354419708252,5.0,160.8019256591797
FOODS_3_319_WI_1,WI_1,1.438454166139875,19.756401,7.761443614959717,11.0,228.32041931152344
FOODS_3_321_TX_1,TX_1,0.8053013458730135,0.51835203,0.22731630504131317,130.0,136.36485290527344
FOODS_3_324_CA_1,CA_1,1.6346946691023372,3.258201,6.854610919952393,74.0,265.9291076660156
FOODS_3_324_WI_1,WI_1,1.37789196331048,2.565897,6.378472328186035,108.0,286.5971984863281
FOODS_3_326_WI_1,WI_1,1.3915807782280398,0.49242878,-2.930464029312134,337.0,254.947021484375
FOODS_3_327_CA_1,CA_1,0.5875272413370228,0.703587,1.0470411777496338,69.0,98.31715393066406
FOODS_3_327_TX_1,TX_1,0.6118202923796666,0.8846706,1.2035478353500366,55.0,88.69934844970703
FOODS_3_329_CA_1,CA_1,0.7798556943860679,0.36097482,-0.6359414458274841,370.0,352.19366455078125
FOODS_3_329_TX_1,TX_1,1.6611852796721025,0.84481704,0.9863187670707703,215.0,242.61692810058594
FOODS_3_329_WI_1,WI_1,0.6982185098118933,0.29668188,0.0007875646697357297,245.0,245.0220489501953
FOODS_3_330_CA_1,CA_1,0.6720561655519095,0.45361516,-0.3115512430667877,138.0,129.2765655517578
FOODS_3_339_CA_1,CA_1,1.0511938965884373,0.510643,-0.8072824478149414,243.0,220.3960723876953
FOODS_3_339_WI_1,WI_1,0.6252648496744869,0.4886221,1.7588348388671875,204.0,253.24737548828125
FOODS_3_348_CA_1,CA_1,0.6744600677565564,0.3909134,-0.531631588935852,220.0,205.1143035888672
FOODS_3_348_TX_1,TX_1,0.5154723803898023,0.5484336,-0.7120903134346008,93.0,73.06147766113281
FOODS_3_348_WI_1,WI_1,0.6870644529471579,0.48219404,-0.4035494327545166,169.0,157.7006072998047
FOODS_3_349_CA_1,CA_1,0.861447332812505,0.31574133,-0.2989736497402191,256.0,247.62875366210938
FOODS_3_349_TX_1,TX_1,0.922713714022046,0.28192604,-2.6161625385284424,411.0,337.7474670410156
FOODS_3_349_WI_1,WI_1,1.0556876698997726,0.37025714,-0.3228299617767334,163.0,153.96075439453125
FOODS_3_351_CA_1,CA_1,0.7626139860946725,0.36286548,-0.49099233746528625,248.0,234.25222778320312
FOODS_3_362_CA_1,CA_1,0.6884677345188874,0.26879725,0.09955879300832748,466.0,468.7876281738281
FOODS_3_362_TX_1,TX_1,1.0511190595483422,0.47591093,0.718706488609314,235.0,255.123779296875
FOODS_3_362_WI_1,WI_1,1.16749561244727,0.3940244,-0.9058270454406738,236.0,210.63685607910156
FOODS_3_363_CA_1,CA_1,0.7361849624187426,0.5551978,-0.07563768327236176,203.0,200.88214111328125
FOODS_3_372_TX_1,TX_1,0.8545527262653259,0.75375396,0.19979940354824066,94.0,99.59439086914062
FOODS_3_376_CA_1,CA_1,0.5550446391578101,0.5353107,-1.0958260297775269,131.0,100.31686401367188
FOODS_3_376_TX_1,TX_1,1.0746565419591694,0.5321412,-5.10526180267334,275.0,132.05267333984375
FOODS_3_376_WI_1,WI_1,0.5799415738329279,0.7053175,-0.5263404250144958,64.0,49.26247024536133
FOODS_3_377_CA_1,CA_1,0.5804732296895103,0.28804672,-0.4781002104282379,246.0,232.61318969726562
FOODS_3_377_TX_1,TX_1,0.6940404153440017,0.29746917,-3.3201277256011963,368.0,275.03643798828125
FOODS_3_377_WI_1,WI_1,0.8386942266559637,0.4135876,0.016755206510424614,154.0,154.46913146972656
FOODS_3_389_CA_1,CA_1,0.7511738237490933,0.38634065,1.7548242807388306,218.0,267.1351013183594
FOODS_3_389_TX_1,TX_1,0.7527743112319438,0.29026765,-1.4245063066482544,401.0,361.1138000488281
FOODS_3_389_WI_1,WI_1,0.7507817050861707,0.8677852,1.2494475841522217,58.0,92.98453521728516
FOODS_3_393_CA_1,CA_1,0.9953753060134441,0.4841061,-2.118828535079956,236.0,176.6728057861328
FOODS_3_393_TX_1,TX_1,1.0091607236380749,0.4867651,-2.22957444190979,182.0,119.5719223022461
FOODS_3_393_WI_1,WI_1,0.7173248504266508,0.36286548,-1.5253897905349731,187.0,144.28907775878906
FOODS_3_399_CA_1,CA_1,1.3562694825393296,0.7071198,-2.5353283882141113,204.0,133.01080322265625
FOODS_3_399_TX_1,TX_1,0.6372501900340111,0.4081241,-1.2238943576812744,155.0,120.73095703125
FOODS_3_404_CA_1,CA_1,1.6522340936467523,7.180125,7.410094738006592,30.0,237.48265075683594
FOODS_3_404_TX_1,TX_1,0.3312171168726385,13.308415,1.3984678983688354,3.0,42.15709686279297
FOODS_3_404_WI_1,WI_1,2.513257310786659,16.268064,10.458041191101074,18.0,310.8251647949219
FOODS_3_406_CA_1,CA_1,0.9967751728466948,0.48976654,-6.553272724151611,454.0,270.50836181640625
FOODS_3_406_TX_1,TX_1,0.8332200615472799,0.84251136,1.6850498914718628,112.0,159.18141174316406
FOODS_3_406_WI_1,WI_1,0.5975291016079666,0.4809903,0.8169441223144531,153.0,175.8744354248047
FOODS_3_412_TX_1,TX_1,0.6505687277318052,0.74648374,0.6316079497337341,131.0,148.68502807617188
FOODS_3_412_WI_1,WI_1,0.888544181586074,0.9229321,-0.48929810523986816,156.0,142.2996368408203
FOODS_3_413_WI_1,WI_1,0.570612557624166,0.33622304,0.5088005661964417,219.0,233.2464141845703
FOODS_3_435_WI_1,WI_1,0.6831703042784929,0.29114142,0.6963628530502319,372.0,391.4981689453125
FOODS_3_444_CA_1,CA_1,2.1020844529307894,2.5076203e+08,8.95578670501709,0.0,250.76202392578125
FOODS_3_444_TX_1,TX_1,1.6558671674840626,2.4029371e+08,8.581918716430664,0.0,240.29371643066406
FOODS_3_446_TX_1,TX_1,0.8078475032640234,0.7964821,0.7574671506881714,72.0,93.2090835571289
FOODS_3_454_TX_1,TX_1,0.6643786101061202,1.1527892,2.062879800796509,102.0,159.76063537597656
FOODS_3_454_WI_1,WI_1,0.8495356252295018,1.015933,1.593643307685852,101.0,145.62200927734375
FOODS_3_455_CA_1,CA_1,0.46328176417576195,0.2604416,-0.09489953517913818,238.0,235.3428192138672
FOODS_3_455_TX_1,TX_1,0.4564182144482816,0.25840938,1.8819247484207153,339.0,391.69384765625
FOODS_3_458_CA_1,CA_1,0.6520139210140512,0.38521612,0.6759384870529175,173.0,191.92628479003906
FOODS_3_458_TX_1,TX_1,0.8440983543316875,0.54155403,0.5696549415588379,173.0,188.95033264160156
FOODS_3_458_WI_1,WI_1,0.9091943073794706,0.89194494,2.404587507247925,97.0,164.3284454345703
FOODS_3_460_WI_1,WI_1,0.5758538546107107,0.34401053,-0.13403591513633728,128.0,124.24698638916016
FOODS_3_462_CA_1,CA_1,0.8072712807987661,0.60472095,-0.6471362113952637,155.0,136.88018798828125
FOODS_3_462_TX_1,TX_1,0.6454539478946764,0.44123748,-3.0980610847473145,251.0,164.25428771972656
FOODS_3_462_WI_1,WI_1,0.6883495739287769,0.8705763,1.0668466091156006,79.0,108.8717041015625
FOODS_3_469_TX_1,TX_1,0.80374833836948,0.90808225,1.7318518161773682,69.0,117.4918441772461
FOODS_3_473_CA_1,CA_1,0.6729416979454305,0.3824123,0.047162942588329315,228.0,229.320556640625
FOODS_3_473_TX_1,TX_1,0.48090064925548837,0.47359684,0.7876184582710266,81.0,103.05330657958984
FOODS_3_473_WI_1,WI_1,0.6376376832188899,0.677683,1.2613648176193237,71.0,106.3182144165039
FOODS_3_474_TX_1,TX_1,1.555100606393026,0.5835147,-4.875216960906982,271.0,134.4939422607422
FOODS_3_476_CA_1,CA_1,0.47960385676963513,0.4101286,0.3157375752925873,124.0,132.84066772460938
FOODS_3_476_TX_1,TX_1,1.1113130974910828,0.5068105,-0.7296962738037109,147.0,126.5685043334961
FOODS_3_477_CA_1,CA_1,0.8265182051509496,0.48713717,1.0400216579437256,143.0,172.12059020996094
FOODS_3_491_CA_1,CA_1,0.8693253659271208,0.52156746,4.127467155456543,315.0,430.569091796875
FOODS_3_491_TX_1,TX_1,0.774330704594231,0.57789415,0.7343076467514038,122.0,142.56060791015625
FOODS_3_491_WI_1,WI_1,0.7164721362259411,0.31785533,-1.8832505941390991,510.0,457.26898193359375
FOODS_3_498_CA_1,CA_1,0.9194608143958835,0.86637086,-1.6309477090835571,170.0,124.3334732055664
FOODS_3_498_TX_1,TX_1,0.9025907666939257,0.9841638,-1.728914499282837,170.0,121.59039306640625
FOODS_3_498_WI_1,WI_1,0.7390957792221717,0.81171846,0.7041090726852417,169.0,188.7150421142578
FOODS_3_499_CA_1,CA_1,1.0254731662732464,0.5514568,-6.0286545753479,411.0,242.1976776123047
FOODS_3_499_TX_1,TX_1,0.8508590990029639,0.56349194,1.0626710653305054,235.0,264.7547912597656
FOODS_3_499_WI_1,WI_1,0.5191179459050627,0.3297884,0.3429010212421417,147.0,156.60122680664062
FOODS_3_501_CA_1,CA_1,1.1460272696723117,0.39479712,-4.74448299407959,768.0,635.154541015625
FOODS_3_501_TX_1,TX_1,0.6548329188307175,0.5257048,0.7329339981079102,164.0,184.5221405029297
FOODS_3_501_WI_1,WI_1,0.7186710703305362,0.49548987,-0.8875099420547485,212.0,187.1497344970703
FOODS_3_503_TX_1,TX_1,0.591446164141066,0.6276809,0.48866206407546997,76.0,89.68253326416016
FOODS_3_503_WI_1,WI_1,1.120274855204669,0.40510625,-1.7545629739761353,165.0,115.87224578857422
FOODS_3_511_CA_1,CA_1,1.106788121847409,0.20979607,0.5145564675331116,600.0,614.4075927734375
FOODS_3_511_TX_1,TX_1,1.0937998677666037,0.67343956,1.217713713645935,124.0,158.09597778320312
FOODS_3_516_CA_1,CA_1,0.8368230196788523,0.31097335,-0.42538976669311523,259.0,247.08908081054688
FOODS_3_516_TX_1,TX_1,0.624646988665822,0.37333348,1.9456117153167725,194.0,248.47714233398438
FOODS_3_516_WI_1,WI_1,0.7554249316943202,0.31002012,-0.7351359724998474,252.0,231.4161834716797
FOODS_3_519_WI_1,WI_1,0.6884141504992157,0.8399643,0.6367947459220886,84.0,101.83024597167969
FOODS_3_524_CA_1,CA_1,1.8222172521238083,10.036278,10.94884204864502,31.0,337.56756591796875
FOODS_3_524_TX_1,TX_1,1.1331711600736245,9.225698,3.8509361743927,12.0,119.82621002197266
FOODS_3_524_WI_1,WI_1,1.789567415822552,12.486417,7.030213832855225,16.0,212.8459930419922
FOODS_3_526_CA_1,CA_1,1.0148806540849384,0.5441951,-3.264047384262085,197.0,105.60667419433594
FOODS_3_526_TX_1,TX_1,0.7985527587870107,0.6602087,-0.8570764660835266,94.0,70.0018539428711
FOODS_3_530_TX_1,TX_1,0.9030766556864935,0.39100435,0.5887848138809204,162.0,178.48597717285156
FOODS_3_530_WI_1,WI_1,0.654819549615201,0.42807257,2.083440065383911,159.0,217.33631896972656
FOODS_3_532_WI_1,WI_1,0.9642028142186932,0.54671556,1.8724889755249023,135.0,187.4296875
FOODS_3_534_CA_1,CA_1,0.661294404920751,0.5943777,1.213374376296997,113.0,146.9744873046875
FOODS_3_541_CA_1,CA_1,0.6134098720750354,134.16641,4.791657447814941,1.0,135.16641235351562
FOODS_3_541_TX_1,TX_1,0.967921309178375,10.34109,5.063141822814941,16.0,157.76797485351562
FOODS_3_541_WI_1,WI_1,1.4613527799815134,63.99674,6.856793403625488,3.0,194.99021911621094
FOODS_3_546_CA_1,CA_1,0.4484579759906146,0.30497724,0.02027847059071064,150.0,150.5677947998047
FOODS_3_547_CA_1,CA_1,0.9541872296512321,5.079656,4.160106182098389,29.0,145.48297119140625
FOODS_3_547_TX_1,TX_1,0.5851891364180595,1.1958382,1.6513136625289917,101.0,147.2367706298828
FOODS_3_547_WI_1,WI_1,0.6540087480140697,1.3382463,2.1169986724853516,81.0,140.2759552001953
FOODS_3_555_CA_1,CA_1,0.47457555465745593,0.15598875,-0.3763503432273865,536.0,525.462158203125
FOODS_3_555_TX_1,TX_1,0.8330733795385661,0.22992933,-3.629689931869507,804.0,702.36865234375
FOODS_3_555_WI_1,WI_1,0.4503193048785637,0.1847222,-0.05090124160051346,264.0,262.57476806640625
FOODS_3_566_CA_1,CA_1,0.9740702260239177,0.733601,0.6037455797195435,160.0,176.9048614501953
FOODS_3_566_WI_1,WI_1,1.1060294470818994,1.0091949,0.2869260013103485,145.0,153.03390502929688
FOODS_3_568_WI_1,WI_1,0.8665108120245343,0.8288672,-0.15162579715251923,109.0,104.75448608398438
FOODS_3_570_CA_1,CA_1,0.7118772113796503,0.3105256,-1.5153671503067017,220.0,177.56973266601562
FOODS_3_570_TX_1,TX_1,0.5100061881071978,0.31856358,-0.13817530870437622,121.0,117.131103515625
FOODS_3_572_WI_1,WI_1,1.4941169959156455,0.3132578,-1.9227831363677979,245.0,191.16207885742188
FOODS_3_578_WI_1,WI_1,1.4328044461948328,2.7808776,2.9789624214172363,40.0,123.41094970703125
FOODS_3_580_CA_1,CA_1,0.5284780782321493,0.86181414,-0.09049753099679947,111.0,108.466064453125
FOODS_3_580_TX_1,TX_1,0.40917958587055187,0.8391509,0.9261261820793152,73.0,98.93153381347656
FOODS_3_580_WI_1,WI_1,0.7339052204368897,0.8039138,-0.44609805941581726,111.0,98.50923919677734
FOODS_3_586_CA_1,CA_1,0.6413037735478869,0.17568955,1.9711545705795288,1075.0,1130.1922607421875
FOODS_3_586_TX_1,TX_1,0.824691120244462,0.20150614,-4.011684894561768,1510.0,1397.6728515625
FOODS_3_586_WI_1,WI_1,0.6662674472534972,0.28747377,0.06167251616716385,403.0,404.72686767578125
FOODS_3_587_CA_1,CA_1,0.9176964138046586,0.39421403,8.407404899597168,643.0,878.4073486328125
FOODS_3_587_TX_1,TX_1,0.8380119891915574,0.40270957,7.8771653175354,653.0,873.5606079101562
FOODS_3_587_WI_1,WI_1,0.572960974710843,0.23242718,-1.4975768327713013,391.0,349.06787109375
FOODS_3_594_WI_1,WI_1,1.6157394086653862,18.79062,8.040755271911621,12.0,237.14114379882812
FOODS_3_603_WI_1,WI_1,0.8984699266647532,0.9380865,0.39728227257728577,107.0,118.1239013671875
FOODS_3_607_CA_1,CA_1,0.7942343503149168,0.49842924,5.21427583694458,312.0,457.9997253417969
FOODS_3_607_TX_1,TX_1,0.716983077702513,0.4794029,6.4803361892700195,409.0,590.4494018554688
FOODS_3_607_WI_1,WI_1,0.3926622923307575,0.50414217,0.512079656124115,76.0,90.33822631835938
FOODS_3_628_WI_1,WI_1,0.915621977660397,0.5174165,-0.6728687286376953,113.0,94.15967559814453
FOODS_3_634_WI_1,WI_1,0.6148074639646753,0.36404637,0.10664526373147964,162.0,164.98606872558594
FOODS_3_635_CA_1,CA_1,0.40611537760163313,8.174791,2.7058680057525635,11.0,86.7643051147461
FOODS_3_635_TX_1,TX_1,0.5185863334558853,3.133903,1.4283301830291748,28.0,67.99324035644531
FOODS_3_635_WI_1,WI_1,0.8822029933072038,8.124899,4.190588474273682,15.0,132.3364715576172
FOODS_3_636_CA_1,CA_1,0.6792929317725938,0.55113584,-1.5494529008865356,166.0,122.61532592773438
FOODS_3_636_TX_1,TX_1,0.652069220559318,0.47286743,-1.0518237352371216,113.0,83.54893493652344
FOODS_3_644_WI_1,WI_1,1.0644541489458592,8.1609176e+07,2.9146134853363037,0.0,81.60917663574219
FOODS_3_652_CA_1,CA_1,0.7716159778625573,0.37095708,-0.5600687861442566,194.0,178.3180694580078
FOODS_3_652_WI_1,WI_1,0.6398151146274681,0.3339927,0.2673642039299011,140.0,147.48619079589844
FOODS_3_654_CA_1,CA_1,0.9004555334016927,0.3438145,0.08015850931406021,199.0,201.24444580078125
FOODS_3_654_TX_1,TX_1,0.6799836777652608,0.23408805,1.13100266456604,334.0,365.6680603027344
FOODS_3_661_WI_1,WI_1,0.6849983878955064,0.45635498,0.37774989008903503,110.0,120.57699584960938
FOODS_3_668_CA_1,CA_1,0.6678052989696486,0.31130463,-0.49433591961860657,219.0,205.1586151123047
FOODS_3_668_WI_1,WI_1,0.6119737247962735,0.23659943,0.139730766415596,332.0,335.9124450683594
FOODS_3_672_TX_1,TX_1,0.7996676504514202,1.4871286,1.2821284532546997,50.0,85.89959716796875
FOODS_3_672_WI_1,WI_1,0.6339808785736608,0.4234849,-0.5033850073814392,131.0,116.90522766113281
FOODS_3_681_CA_1,CA_1,0.40484207732373423,0.22760956,1.192290186882019,534.0,567.3840942382812
FOODS_3_681_TX_1,TX_1,1.5630965847555298,0.38570717,-16.544082641601562,1201.0,737.765625
FOODS_3_682_CA_1,CA_1,0.853642167108376,0.50454444,-2.739940643310547,249.0,172.28164672851562
FOODS_3_682_TX_1,TX_1,1.128219897890742,0.4276214,-1.8119269609451294,228.0,177.26605224609375
FOODS_3_682_WI_1,WI_1,0.5634836981838224,0.3872931,-0.3286660611629486,166.0,156.79736328125
FOODS_3_688_TX_1,TX_1,1.063506960747926,0.53824246,-2.6182291507720947,185.0,111.68959045410156
FOODS_3_692_CA_1,CA_1,0.8933836674021962,0.59058326,-0.7625569701194763,164.0,142.64840698242188
FOODS_3_692_WI_1,WI_1,0.700150205001598,0.75001,2.472669839859009,146.0,215.23477172851562
FOODS_3_694_CA_1,CA_1,0.5875437489108174,0.25784293,0.44716769456863403,308.0,320.52069091796875
FOODS_3_694_TX_1,TX_1,0.5252879193309014,0.17301075,-0.8423812985420227,542.0,518.4133911132812
FOODS_3_694_WI_1,WI_1,0.5135112455330226,0.15193027,-1.8805192708969116,573.0,520.345458984375
FOODS_3_695_CA_1,CA_1,0.8259761531795139,0.43244836,-2.5208513736724854,223.0,152.4161834716797
FOODS_3_695_TX_1,TX_1,0.6222046238144635,0.4559104,-0.3342890739440918,144.0,134.63990783691406
FOODS_3_697_CA_1,CA_1,0.9625640016461118,0.30552596,-1.1231582164764404,354.0,322.5516052246094
FOODS_3_697_TX_1,TX_1,0.7223119642483804,0.4985994,0.7182990312576294,142.0,162.11236572265625
FOODS_3_702_CA_1,CA_1,0.5375162670590665,0.3956042,-2.908860683441162,302.0,220.55189514160156
FOODS_3_702_TX_1,TX_1,1.5556046687195553,0.6310987,-4.059657573699951,186.0,72.32958221435547
FOODS_3_702_WI_1,WI_1,1.9437989578907169,0.67936903,-9.255666732788086,428.0,168.8413543701172
FOODS_3_704_WI_1,WI_1,0.6526930887569196,0.3228647,-0.41936367750167847,212.0,200.2578125
FOODS_3_711_CA_1,CA_1,0.7894573449305826,4.778394,6.189888000488281,42.0,215.31686401367188
FOODS_3_711_TX_1,TX_1,0.7529828472092993,1.4130509,3.8893883228302,100.0,208.9028778076172
FOODS_3_711_WI_1,WI_1,1.0275510542709894,1.0555214,0.7185014486312866,171.0,191.1180419921875
FOODS_3_714_CA_1,CA_1,0.6447668838596874,0.3092902,3.6659839153289795,525.0,627.6475219726562
FOODS_3_714_TX_1,TX_1,0.6079246866630142,0.22480093,-3.349851369857788,560.0,466.2041320800781
FOODS_3_714_WI_1,WI_1,0.7429500963281377,0.2911776,-3.3360018730163574,478.0,384.5919494628906
FOODS_3_723_CA_1,CA_1,0.823298130439602,0.5066072,4.641973972320557,318.0,447.97528076171875
FOODS_3_723_TX_1,TX_1,0.7150685848202606,0.32746896,0.009471757337450981,474.0,474.26519775390625
FOODS_3_723_WI_1,WI_1,0.6805464616846174,0.30025068,2.1254968643188477,306.0,365.513916015625
FOODS_3_725_CA_1,CA_1,0.5466188917758285,0.4521403,1.092637538909912,96.0,126.59385681152344
FOODS_3_734_TX_1,TX_1,0.8440854627590065,0.5471144,0.8121936917304993,158.0,180.7414093017578
FOODS_3_739_CA_1,CA_1,0.2804974780939526,0.19216618,-0.8272705078125,406.0,382.83642578125
FOODS_3_739_TX_1,TX_1,0.6519618558977827,0.2825962,-2.5577526092529297,390.0,318.3829040527344
FOODS_3_739_WI_1,WI_1,0.48420970651424167,0.29943994,-0.22030846774578094,263.0,256.83135986328125
FOODS_3_741_CA_1,CA_1,0.5022215688825279,0.32085615,1.3347976207733154,464.0,501.3743591308594
FOODS_3_744_CA_1,CA_1,0.5709012504827161,0.307791,2.323850631713867,267.0,332.06781005859375
FOODS_3_744_TX_1,TX_1,0.4193625725870863,0.77460736,0.2609899044036865,46.0,53.30772018432617
FOODS_3_744_WI_1,WI_1,0.5885023345374499,0.5064338,0.05217129737138748,125.0,126.46080017089844
FOODS_3_747_WI_1,WI_1,0.7646181272249082,0.78907573,0.6771982312202454,91.0,109.9615478515625
FOODS_3_752_CA_1,CA_1,0.8381070809945906,1.1362348,3.9236207008361816,126.0,235.8613739013672
FOODS_3_752_TX_1,TX_1,0.6850041762635856,1.4159533,3.3202016353607178,104.0,196.9656524658203
FOODS_3_752_WI_1,WI_1,0.7354983307241559,0.77747643,0.3047296702861786,210.0,218.53240966796875
FOODS_3_755_CA_1,CA_1,0.8129640755984088,0.32939667,-2.1964800357818604,315.0,253.49855041503906
FOODS_3_756_CA_1,CA_1,0.5248019657890249,0.34735093,0.3993985950946808,140.0,151.1831512451172
FOODS_3_756_TX_1,TX_1,0.5964438756712249,0.35281777,0.3134291470050812,145.0,153.77603149414062
FOODS_3_756_WI_1,WI_1,0.6683691005789822,0.46596503,0.7702569961547852,128.0,149.5671844482422
FOODS_3_757_TX_1,TX_1,1.3230878187721566,0.45442998,-2.4569647312164307,238.0,169.20497131347656
FOODS_3_760_CA_1,CA_1,0.7204782304202333,0.32256645,0.067319855093956,257.0,258.88494873046875
FOODS_3_760_WI_1,WI_1,1.5664439575015083,0.37206152,-2.7131621837615967,249.0,173.03146362304688
FOODS_3_764_CA_1,CA_1,1.3238804740870513,0.49369588,-1.4945224523544312,238.0,196.15335083007812
FOODS_3_764_TX_1,TX_1,1.463702388734041,0.5484507,-1.869256615638733,163.0,110.66081237792969
FOODS_3_764_WI_1,WI_1,1.4229799854323926,0.50381476,-1.276305913925171,203.0,167.263427734375
FOODS_3_767_CA_1,CA_1,0.7876521357429811,9.385842,2.911832571029663,9.0,90.53131103515625
FOODS_3_785_CA_1,CA_1,1.0790670404413558,2.7649763,7.508612632751465,108.0,318.24114990234375
FOODS_3_785_TX_1,TX_1,1.4549746609293586,2.55383,3.600879669189453,74.0,174.8246307373047
FOODS_3_785_WI_1,WI_1,1.3602157563486679,2.5343335,4.562111854553223,81.0,208.7391357421875
FOODS_3_787_TX_1,TX_1,0.2936812350718595,0.7977098,-0.2511574923992157,38.0,30.967588424682617
FOODS_3_789_CA_1,CA_1,0.7035759496070252,0.45612314,-0.28784555196762085,142.0,133.94032287597656
FOODS_3_789_TX_1,TX_1,0.7028454337204352,0.39193934,-1.0263392925262451,202.0,173.2624969482422
FOODS_3_789_WI_1,WI_1,0.8931298880268108,0.40436223,-1.0969147682189941,185.0,154.286376953125
FOODS_3_795_WI_1,WI_1,0.7997486143840065,0.49250707,1.3795888423919678,126.0,164.62847900390625
FOODS_3_801_TX_1,TX_1,0.6103498831996755,0.6091523,0.892231285572052,88.0,112.98246765136719
FOODS_3_804_TX_1,TX_1,0.7078900704949431,0.34960082,1.0717275142669678,298.0,328.0083923339844
FOODS_3_804_WI_1,WI_1,1.3085417511968553,0.50008804,-0.29331937432289124,251.0,242.7870635986328
FOODS_3_808_CA_1,CA_1,0.6934955302511374,4.074852,4.227092266082764,39.0,157.35858154296875
FOODS_3_808_TX_1,TX_1,0.9433865566284801,30.20918,6.473395824432373,6.0,187.2550811767578
FOODS_3_808_WI_1,WI_1,1.5015025374471103,20.748821,6.669264316558838,9.0,195.73939514160156
FOODS_3_809_WI_1,WI_1,0.4317024687984036,0.47033298,0.20854659378528595,94.0,99.83930206298828
FOODS_3_811_CA_1,CA_1,1.830914417949761,0.5430361,-6.1005682945251465,409.0,238.18406677246094
FOODS_3_811_TX_1,TX_1,0.9544666768319058,0.39986092,-5.48964262008667,429.0,275.2900085449219
FOODS_3_811_WI_1,WI_1,0.7379263939387793,0.762837,1.849173903465271,91.0,142.77685546875
FOODS_3_816_TX_1,TX_1,0.7716363900937252,1.338939e+08,4.781925201416016,0.0,133.89390563964844
HOBBIES_1_008_CA_1,CA_1,0.7447692504013868,0.8813337,-0.6095584034919739,228.0,210.932373046875
HOBBIES_1_008_WI_1,WI_1,0.8699555234733093,0.86104894,0.13593220710754395,104.0,107.80609893798828
HOBBIES_1_014_WI_1,WI_1,0.47542563662724424,0.69354045,1.2341241836547852,67.0,101.55547332763672
HOBBIES_1_015_CA_1,CA_1,0.5409945338720031,0.96589774,1.5827457904815674,79.0,123.31688690185547
HOBBIES_1_016_CA_1,CA_1,0.6390094265039071,0.65350825,-0.23035530745983124,169.0,162.550048828125
HOBBIES_1_019_CA_1,CA_1,0.7594021872569334,0.62900823,-3.219963550567627,286.0,195.84100341796875
HOBBIES_1_019_TX_1,TX_1,1.358502830556992,1.1074305,-1.6575524806976318,141.0,94.58854675292969
HOBBIES_1_019_WI_1,WI_1,0.845008446307132,0.5516085,-1.1206144094467163,197.0,165.622802734375
HOBBIES_1_030_CA_1,CA_1,1.2025344297626452,1.0331696,-0.9947957396507263,172.0,144.14572143554688
HOBBIES_1_032_WI_1,WI_1,1.1544270697633514,1.2270807,3.3064932823181152,146.0,238.581787109375
HOBBIES_1_048_CA_1,CA_1,0.8128474703185402,0.55023766,-2.428385019302368,440.0,372.0052185058594
HOBBIES_1_048_TX_1,TX_1,0.8195619369204923,1.1886597,1.9999172687530518,90.0,145.9976806640625
HOBBIES_1_048_WI_1,WI_1,0.7466194531232633,0.5632194,0.7280018925666809,243.0,263.384033203125
HOBBIES_1_067_WI_1,WI_1,1.0193508951752273,0.67714137,-0.7748149037361145,262.0,240.30517578125
HOBBIES_1_147_CA_1,CA_1,1.0387291385982316,0.48020196,-2.7194366455078125,219.0,142.8557891845703
HOBBIES_1_158_TX_1,TX_1,1.5196951715812075,0.50638276,0.004785639699548483,144.0,144.1339874267578
HOBBIES_1_169_CA_1,CA_1,1.0367717094592237,1.0148655,-0.6213312149047852,165.0,147.6027374267578
HOBBIES_1_169_WI_1,WI_1,0.7119176859374919,0.7344532,1.29549241065979,112.0,148.27378845214844
HOBBIES_1_178_CA_1,CA_1,0.516389180165677,0.8068283,1.1376574039459229,156.0,187.8544158935547
HOBBIES_1_178_WI_1,WI_1,0.8524732829390479,0.6540412,0.5276845097541809,206.0,220.77513122558594
HOBBIES_1_189_CA_1,CA_1,1.0402495095608135,0.6057063,-3.646366834640503,360.0,257.9017333984375
HOBBIES_1_189_WI_1,WI_1,1.0146400585438673,0.5929927,-1.9066632986068726,229.0,175.61341857910156
HOBBIES_1_234_TX_1,TX_1,1.225372711037373,1.1638321,0.24604789912700653,167.0,173.8893280029297
HOBBIES_1_244_CA_1,CA_1,0.831832505073868,1.7820172,3.298530340194702,86.0,178.35885620117188
HOBBIES_1_244_WI_1,WI_1,0.6387914578230948,0.71766907,1.8435264825820923,132.0,183.61874389648438
HOBBIES_1_254_CA_1,CA_1,0.5516680046490896,0.5492867,0.9204687476158142,217.0,242.7731170654297
HOBBIES_1_254_TX_1,TX_1,0.9118770998538852,1.3362758,1.9031494855880737,91.0,144.2882080078125
HOBBIES_1_256_CA_1,CA_1,0.5147902591282723,0.80297136,1.6050128936767578,127.0,171.94036865234375
HOBBIES_1_256_TX_1,TX_1,1.142679119048874,1.4330287,2.2069015502929688,109.0,170.79324340820312
HOBBIES_1_256_WI_1,WI_1,0.859912792325968,0.8804728,1.7987619638442993,94.0,144.36534118652344
HOBBIES_1_261_CA_1,CA_1,1.0023870303472984,0.7590309,-1.9500176906585693,259.0,204.39952087402344
HOBBIES_1_268_CA_1,CA_1,0.8604570954186576,0.6666519,-3.7102949619293213,364.0,260.1117248535156
HOBBIES_1_268_TX_1,TX_1,1.0143789958270468,0.83404607,-0.7126643061637878,137.0,117.04540252685547
HOBBIES_1_268_WI_1,WI_1,0.7287099956012354,0.8132987,1.5960763692855835,148.0,192.6901397705078
HOBBIES_1_278_WI_1,WI_1,0.9127144452129048,0.8331153,1.2233651876449585,134.0,168.25421142578125
HOBBIES_1_286_CA_1,CA_1,1.2329250964652876,1.4375106,1.5337860584259033,117.0,159.94602966308594
HOBBIES_1_288_WI_1,WI_1,0.6743136884765268,0.5345162,1.1059720516204834,151.0,181.9672393798828
HOBBIES_1_295_CA_1,CA_1,0.6478739931751268,0.605091,-0.5995474457740784,181.0,164.2126922607422
HOBBIES_1_295_WI_1,WI_1,0.5502491197509185,0.5317061,0.6824856996536255,133.0,152.10960388183594
HOBBIES_1_312_WI_1,WI_1,1.0935736627559753,0.58322215,-0.4658168852329254,244.0,230.95713806152344
HOBBIES_1_319_WI_1,WI_1,0.632785305762965,0.93279403,1.0231757164001465,95.0,123.64891815185547
HOBBIES_1_341_CA_1,CA_1,0.6150588622762999,1.6138346,2.408876657485962,78.0,145.4485321044922
HOBBIES_1_341_TX_1,TX_1,1.0167197277590987,1.0459663,0.21405629813671112,127.0,132.9935760498047
HOBBIES_1_341_WI_1,WI_1,0.7916410047693425,0.65391994,-0.578284740447998,153.0,136.8080291748047
HOBBIES_1_345_WI_1,WI_1,0.8302098984971351,0.44358805,-0.7004331946372986,122.0,102.38786315917969
HOBBIES_1_348_CA_1,CA_1,0.38956487711761173,0.7229743,-1.1573721170425415,185.0,152.5935821533203
HOBBIES_1_348_TX_1,TX_1,0.971798169696436,1.1657192,0.46980664134025574,102.0,115.15459442138672
HOBBIES_1_348_WI_1,WI_1,0.722794028250959,0.5651611,0.14927853643894196,147.0,151.17979431152344
HOBBIES_1_354_CA_1,CA_1,1.2773500835433138,0.33639395,-1.676245927810669,231.0,184.06509399414062
HOBBIES_1_369_CA_1,CA_1,0.9472411843578844,0.9090059,-0.814994752407074,205.0,182.18017578125
HOBBIES_1_370_CA_1,CA_1,0.6194847310178672,0.823981,0.7241936922073364,132.0,152.2774200439453
HOBBIES_1_370_TX_1,TX_1,0.761973871489105,0.99786896,-0.27038151025772095,87.0,79.4293212890625
HOBBIES_1_370_WI_1,WI_1,0.5047861458798357,0.4604038,-0.4115031361579895,169.0,157.4779052734375
HOBBIES_1_371_CA_1,CA_1,0.6886336673749135,0.68434,0.5147266983985901,306.0,320.412353515625
HOBBIES_1_371_TX_1,TX_1,0.6780141756809169,1.7296842,2.356241226196289,59.0,124.9747543334961
HOBBIES_1_371_WI_1,WI_1,0.759614625158412,0.56667125,-1.8181051015853882,209.0,158.09304809570312
HOBBIES_1_381_CA_1,CA_1,0.6973483520488692,0.7745468,0.3701743483543396,130.0,140.3648681640625
HOBBIES_1_387_CA_1,CA_1,0.7293868855491977,0.92611307,0.08747931569814682,217.0,219.4494171142578
HOBBIES_1_398_WI_1,WI_1,1.1072190127571702,0.59467214,-1.6716787815093994,160.0,113.1929931640625
HOBBIES_1_404_CA_1,CA_1,0.7813345145322281,0.81941247,-0.5642424821853638,193.0,177.20120239257812
HOBBIES_1_404_WI_1,WI_1,0.7945409504492067,0.505192,-0.9825567007064819,202.0,174.4884033203125
HOBBIES_1_417_WI_1,WI_1,0.9067261522679295,0.6402234,0.355874627828598,154.0,163.96449279785156
HOUSEHOLD_1_019_CA_1,CA_1,0.7924643004022818,0.92026323,1.0273364782333374,74.0,102.76542663574219
HOUSEHOLD_1_019_TX_1,TX_1,1.0322454833319572,1.1607082,3.6852469444274902,134.0,237.18692016601562
HOUSEHOLD_1_019_WI_1,WI_1,0.8286608059330451,0.54423136,0.7838872671127319,116.0,137.9488525390625
HOUSEHOLD_1_032_CA_1,CA_1,1.2719852011875088,0.2763527,-0.3434828817844391,275.0,265.3824768066406
HOUSEHOLD_1_040_TX_1,TX_1,0.7408876695418192,0.4067413,0.08835617452859879,142.0,144.47398376464844
HOUSEHOLD_1_051_TX_1,TX_1,0.4445506911074743,0.34544647,-1.0744116306304932,191.0,160.91648864746094
HOUSEHOLD_1_051_WI_1,WI_1,0.7114541269958253,0.51657635,0.7594147324562073,89.0,110.26360321044922
HOUSEHOLD_1_066_CA_1,CA_1,0.575979830240086,0.29769334,0.24674776196479797,187.0,193.908935546875
HOUSEHOLD_1_066_TX_1,TX_1,0.6462780892527729,0.2725217,-0.5873395800590515,195.0,178.55450439453125
HOUSEHOLD_1_083_TX_1,TX_1,1.192495605475923,0.7377665,-1.3070523738861084,188.0,151.4025421142578
HOUSEHOLD_1_090_TX_1,TX_1,0.6865678059724131,0.5826391,0.7335744500160217,78.0,98.54008483886719
HOUSEHOLD_1_096_CA_1,CA_1,0.9030359362786452,0.32786742,-1.6378930807113647,334.0,288.1390075683594
HOUSEHOLD_1_096_TX_1,TX_1,1.080083185499841,0.6002294,1.0803383588790894,131.0,161.24948120117188
HOUSEHOLD_1_106_TX_1,TX_1,0.7048430123826634,0.45820677,1.3768235445022583,125.0,163.5510711669922
HOUSEHOLD_1_110_CA_1,CA_1,0.554217473398025,0.3748025,1.1583129167556763,201.0,233.4327850341797
HOUSEHOLD_1_110_TX_1,TX_1,0.46803660501888994,0.24698466,-0.7679213285446167,305.0,283.49822998046875
HOUSEHOLD_1_110_WI_1,WI_1,0.8789272291905644,0.47976577,-1.01099693775177,133.0,104.69207763671875
HOUSEHOLD_1_114_TX_1,TX_1,0.5101529357375942,0.7281608,0.7889785766601562,63.0,85.09139251708984
HOUSEHOLD_1_118_CA_1,CA_1,0.6850876441810813,0.43985108,-1.0522156953811646,251.0,221.53797912597656
HOUSEHOLD_1_118_TX_1,TX_1,0.5316816299130642,0.66402835,1.4405933618545532,89.0,129.33660888671875
HOUSEHOLD_1_151_CA_1,CA_1,0.9044077266495006,0.49784794,-2.160554885864258,205.0,144.50445556640625
HOUSEHOLD_1_151_TX_1,TX_1,0.6587221051381673,0.51494324,0.35157713294029236,109.0,118.84415435791016
HOUSEHOLD_1_173_CA_1,CA_1,0.6066947238949629,0.6110594,0.8281367421150208,104.0,127.18782806396484
HOUSEHOLD_1_179_TX_1,TX_1,0.5927349355148722,0.52747023,3.0156970024108887,181.0,265.4395446777344
HOUSEHOLD_1_179_WI_1,WI_1,0.5584585645451736,0.6066895,1.1354849338531494,86.0,117.79358673095703
HOUSEHOLD_1_191_CA_1,CA_1,1.388006439575782,0.41930217,-2.266127109527588,293.0,229.54843139648438
HOUSEHOLD_1_198_TX_1,TX_1,0.9561608347481192,0.5909971,0.9189085960388184,193.0,218.7294464111328
HOUSEHOLD_1_198_WI_1,WI_1,0.9237770403945954,0.6303615,0.03489598259329796,144.0,144.9770965576172
HOUSEHOLD_1_202_TX_1,TX_1,0.8277659605460909,0.5322607,0.03232613578438759,101.0,101.9051284790039
HOUSEHOLD_1_214_TX_1,TX_1,0.6304855407023005,0.30337003,-0.7515559792518616,194.0,172.9564208984375
HOUSEHOLD_1_234_TX_1,TX_1,0.8463767757325391,0.4261229,-1.7207921743392944,310.0,261.8178405761719
HOUSEHOLD_1_235_TX_1,TX_1,0.44886689058541573,0.31184277,-0.2172815054655075,131.0,124.9161148071289
HOUSEHOLD_1_254_CA_1,CA_1,0.742571171413668,0.49354285,2.0601305961608887,187.0,244.6836700439453
HOUSEHOLD_1_254_TX_1,TX_1,0.6319002967393609,0.37131006,0.1283503919839859,299.0,302.59381103515625
HOUSEHOLD_1_262_CA_1,CA_1,0.7551298060862088,0.4379654,-1.165667176246643,154.0,121.36131286621094
HOUSEHOLD_1_262_TX_1,TX_1,0.6912433201381575,0.7031784,0.10583838075399399,68.0,70.96347045898438
HOUSEHOLD_1_277_TX_1,TX_1,0.7808623654070399,0.7211261,2.5222556591033936,155.0,225.6231689453125
HOUSEHOLD_1_277_WI_1,WI_1,0.3369000945622306,0.31696835,0.03986235335469246,85.0,86.11614227294922
HOUSEHOLD_1_294_CA_1,CA_1,0.7448864055648698,0.615959,1.0394279956817627,99.0,128.10397338867188
HOUSEHOLD_1_294_TX_1,TX_1,0.7333329043195251,0.44820938,-0.6837665438652039,123.0,103.85453796386719
HOUSEHOLD_1_294_WI_1,WI_1,0.6464774506217101,0.5080409,0.7645412087440491,81.0,102.40715789794922
HOUSEHOLD_1_303_CA_1,CA_1,1.0951138307979653,0.6534279,0.6678794026374817,174.0,192.7006378173828
HOUSEHOLD_1_303_TX_1,TX_1,0.7980643127792406,1.2502049,4.36435079574585,112.0,234.20181274414062
HOUSEHOLD_1_303_WI_1,WI_1,0.8627707742754624,0.6961683,1.2854818105697632,141.0,176.99349975585938
HOUSEHOLD_1_304_CA_1,CA_1,0.7289654151811522,0.39365715,0.6071229577064514,146.0,162.99945068359375
HOUSEHOLD_1_304_TX_1,TX_1,0.4989872723155552,0.30357006,0.5488200783729553,149.0,164.36697387695312
HOUSEHOLD_1_319_TX_1,TX_1,0.6546224575723152,0.67806077,0.6944254636764526,69.0,88.44390869140625
HOUSEHOLD_1_327_CA_1,CA_1,0.8581242548649782,0.49029258,0.6286773085594177,176.0,193.60296630859375
HOUSEHOLD_1_327_TX_1,TX_1,0.7141907883998031,0.76017636,1.1307388544082642,112.0,143.66067504882812
HOUSEHOLD_1_327_WI_1,WI_1,1.0030152441091493,0.65193576,0.21562643349170685,150.0,156.0375518798828
HOUSEHOLD_1_328_TX_1,TX_1,0.5981284549346958,0.48100942,0.8035945892333984,103.0,125.50064849853516
HOUSEHOLD_1_334_CA_1,CA_1,1.15129382373537,0.34889114,-0.8394108414649963,410.0,386.4965515136719
HOUSEHOLD_1_334_TX_1,TX_1,0.7110187990087609,0.4223503,3.0277316570281982,297.0,381.7764587402344
HOUSEHOLD_1_334_WI_1,WI_1,0.7752634576313926,0.42720103,-0.3191849887371063,183.0,174.06280517578125
HOUSEHOLD_1_338_CA_1,CA_1,0.7826125054132371,0.5440507,0.18871842324733734,145.0,150.2841033935547
HOUSEHOLD_1_339_CA_1,CA_1,0.8310967819557864,0.4653381,0.9059675931930542,176.0,201.36709594726562
HOUSEHOLD_1_339_TX_1,TX_1,0.9775608887355898,3.3187368,4.423819065093994,45.0,168.86692810058594
HOUSEHOLD_1_339_WI_1,WI_1,0.7527199326430266,0.61071163,0.41570207476615906,101.0,112.6396713256836
HOUSEHOLD_1_344_TX_1,TX_1,0.682471303224617,0.6188048,0.9414776563644409,85.0,111.36138153076172
HOUSEHOLD_1_348_TX_1,TX_1,0.809731510090285,0.5210503,-0.9057712554931641,108.0,82.63841247558594
HOUSEHOLD_1_351_CA_1,CA_1,0.8737304403108629,0.62535775,1.7719507217407227,145.0,194.6146240234375
HOUSEHOLD_1_351_TX_1,TX_1,0.633531847649586,0.45219794,-0.34355491399765015,166.0,156.38046264648438
HOUSEHOLD_1_351_WI_1,WI_1,0.6974122058420096,0.507402,1.0303659439086914,153.0,181.85023498535156
HOUSEHOLD_1_361_CA_1,CA_1,0.5872027779337745,0.55725586,0.09805480390787125,135.0,137.74554443359375
HOUSEHOLD_1_373_TX_1,TX_1,1.14634774857986,0.38118362,0.1120247170329094,276.0,279.13665771484375
HOUSEHOLD_1_379_TX_1,TX_1,0.6967789528189989,0.9194433,1.3432806730270386,73.0,110.61185455322266
HOUSEHOLD_1_385_TX_1,TX_1,0.6476248010738421,0.53967917,0.9303117394447327,76.0,102.04872131347656
HOUSEHOLD_1_386_TX_1,TX_1,0.47896756294564524,0.29043257,0.1672641783952713,98.0,102.68340301513672
HOUSEHOLD_1_389_TX_1,TX_1,0.771362813843769,0.6280722,1.8841276168823242,152.0,204.75555419921875
HOUSEHOLD_1_389_WI_1,WI_1,1.289601474271418,1.4677335,3.5114457607269287,92.0,190.3204803466797
HOUSEHOLD_1_399_CA_1,CA_1,0.7745147226307229,0.2783084,0.053030677139759064,235.0,236.48486328125
HOUSEHOLD_1_399_TX_1,TX_1,1.24248400084013,0.41770184,-0.852500319480896,238.0,214.12998962402344
HOUSEHOLD_1_399_WI_1,WI_1,1.568808530589397,0.38223243,-1.307273507118225,273.0,236.39634704589844
HOUSEHOLD_1_409_CA_1,CA_1,1.0073647712872698,0.6756913,2.410411834716797,151.0,218.49151611328125
HOUSEHOLD_1_409_TX_1,TX_1,0.922643926961881,0.5159923,-1.907333493232727,135.0,81.59465789794922
HOUSEHOLD_1_409_WI_1,WI_1,0.5613354039212156,0.38088343,-0.7328256964683533,152.0,131.4808807373047
HOUSEHOLD_1_414_CA_1,CA_1,1.1254648922871313,0.46538737,-0.11969791352748871,235.0,231.64846801757812
HOUSEHOLD_1_414_TX_1,TX_1,0.5303602271026625,0.8490177,0.12673506140708923,83.0,86.548583984375
HOUSEHOLD_1_414_WI_1,WI_1,0.6818075312372931,0.6119048,0.7753475904464722,94.0,115.7097396850586
HOUSEHOLD_1_416_TX_1,TX_1,0.6810890008755425,0.52314675,0.7531141042709351,107.0,128.0872039794922
HOUSEHOLD_1_418_CA_1,CA_1,1.0394242415038097,0.34807006,-3.5830953121185303,420.0,319.67333984375
HOUSEHOLD_1_418_TX_1,TX_1,0.4370793524640406,0.26293486,-1.3354521989822388,323.0,285.60736083984375
HOUSEHOLD_1_418_WI_1,WI_1,0.8813382550850463,0.4829855,0.23922757804393768,161.0,167.6983642578125
HOUSEHOLD_1_429_CA_1,CA_1,0.7086216087942152,0.46330598,0.7125531435012817,140.0,159.9514923095703
HOUSEHOLD_1_429_TX_1,TX_1,0.847450239527176,0.3258706,-1.2529574632644653,213.0,177.9171905517578
HOUSEHOLD_1_430_TX_1,TX_1,1.130811395908559,0.4630394,-0.5951880812644958,287.0,270.3347473144531
HOUSEHOLD_1_439_TX_1,TX_1,0.922276432620428,1.3061589,2.64985728263855,85.0,159.1959991455078
HOUSEHOLD_1_447_CA_1,CA_1,0.7723760175923522,0.3519518,-0.2646377682685852,248.0,240.59014892578125
HOUSEHOLD_1_447_TX_1,TX_1,0.849246783195429,0.7113329,3.3505654335021973,148.0,241.81585693359375
HOUSEHOLD_1_447_WI_1,WI_1,0.6786001450754251,0.4480605,0.10788994282484055,144.0,147.02090454101562
HOUSEHOLD_1_448_TX_1,TX_1,0.7212917325887942,0.43629596,-1.2599382400512695,214.0,178.7217254638672
HOUSEHOLD_1_448_WI_1,WI_1,0.813618541597851,0.3729616,-1.89220130443573,201.0,148.01837158203125
HOUSEHOLD_1_459_CA_1,CA_1,0.5285260554479967,0.68089086,0.8214836716651917,87.0,110.00154113769531
HOUSEHOLD_1_459_TX_1,TX_1,0.8756641392635773,0.7206212,5.539619445800781,218.0,373.10931396484375
HOUSEHOLD_1_459_WI_1,WI_1,1.0547078377535555,0.5896443,2.7818660736083984,227.0,304.89227294921875
HOUSEHOLD_1_465_CA_1,CA_1,1.7784201355891338,0.49197647,-6.205292701721191,457.0,283.2518310546875
HOUSEHOLD_1_465_TX_1,TX_1,0.60300384249006,0.3520239,0.19147978723049164,259.0,264.3614196777344
HOUSEHOLD_1_465_WI_1,WI_1,0.593913114378828,0.3435062,-0.8666725754737854,146.0,121.733154296875
HOUSEHOLD_1_473_CA_1,CA_1,0.6638010924561782,0.32797402,-0.4108540415763855,144.0,132.49609375
HOUSEHOLD_1_473_TX_1,TX_1,0.7845038534394995,0.4595013,0.07627642154693604,91.0,93.13572692871094
HOUSEHOLD_1_474_TX_1,TX_1,0.6871188926158163,0.6481692,0.4034549295902252,111.0,122.29673767089844
HOUSEHOLD_1_506_TX_1,TX_1,0.7591572678319678,0.6866577,0.7904115319252014,102.0,124.13152313232422
HOUSEHOLD_1_514_CA_1,CA_1,0.5966306345210854,0.27214524,-0.9470447301864624,264.0,237.48275756835938
HOUSEHOLD_1_514_TX_1,TX_1,0.5281679703588603,0.35942876,0.1471501737833023,129.0,133.1201934814453
HOUSEHOLD_1_516_TX_1,TX_1,0.5572113969964172,0.4696187,0.46881070733070374,87.0,100.12670135498047
HOUSEHOLD_1_517_CA_1,CA_1,0.9513819961914851,0.59631544,1.1303530931472778,199.0,230.64988708496094
HOUSEHOLD_1_517_TX_1,TX_1,0.8513619876917873,0.49198797,-1.9509022235870361,221.0,166.37474060058594
HOUSEHOLD_1_521_CA_1,CA_1,1.0995515351904963,0.68416536,1.0795588493347168,171.0,201.22764587402344
HOUSEHOLD_1_521_TX_1,TX_1,0.9178168327433922,0.8307578,2.2479329109191895,197.0,259.942138671875
HOUSEHOLD_1_521_WI_1,WI_1,0.9572073516356341,0.71523273,1.0198613405227661,139.0,167.55613708496094
HOUSEHOLD_1_535_CA_1,CA_1,0.6976945455355551,0.23768991,-0.9308124780654907,228.0,201.937255859375
HOUSEHOLD_2_213_TX_1,TX_1,1.1621389092758347,0.5716569,1.9542311429977417,124.0,178.71847534179688
HOUSEHOLD_2_440_TX_1,TX_1,2.0906918374009993,0.32583448,-1.2703577280044556,570.0,534.429931640625
